Prefix	FirstName	MiddleName	LastName	Suffix	Address	City	State	Zip+4	115 St/Dis	BioguideID	Party
The Honorable	Ralph	Lee	Abraham		417 Cannon House Office Building	Washington	DC	20515-1805	LA05	A000374	R
The Honorable	Alma	S.	Adams		222 Cannon House Office Building	Washington	DC	20515-3312	NC12	A000370	D
The Honorable	Robert	B.	Aderholt		235 Cannon House Office Building	Washington	DC	20515-0104	AL04	A000055	R
The Honorable	Pete		Aguilar		1223 Longworth House Office Building	Washington	DC	20515-0531	CA31	A000371	D
The Honorable	Rick	W.	Allen		426 Cannon House Office Building	Washington	DC	20515-1012	GA12	A000372	R
The Honorable	Justin		Amash		114 Cannon House Office Building	Washington	DC	20515-2203	MI03	A000367	R
The Honorable	Mark	E.	Amodei		332 Cannon House Office Building	Washington	DC	20515-2802	NV02	A000369	R
The Honorable	Jodey	C.	Arrington		1029 Longworth House Office Building	Washington	DC	20515-4319	TX19	A000375	R
The Honorable	Brian		Babin		316 Cannon House Office Building	Washington	DC	20515-4336	TX36	B001291	R
The Honorable	Don		Bacon		1516 Longworth House Office Building	Washington	DC	20515-2702	NE02	B001298	R
The Honorable	Jim		Banks		509 Cannon House Office Building	Washington	DC	20515-1403	IN03	B001299	R
The Honorable	Lou		Barletta		2049 Rayburn House Office Building	Washington	DC	20515-3811	PA11	B001269	R
The Honorable	Andy		Barr		1427 Longworth House Office Building	Washington	DC	20515-1706	KY06	B001282	R
The Honorable	Nanette	Diaz	Barragán		1320 Longworth House Office Building	Washington	DC	20515-0544	CA44	B001300	D
The Honorable	Joe		Barton		2107 Rayburn House Office Building	Washington	DC	20515-4306	TX06	B000213	R
The Honorable	Karen		Bass		2241 Rayburn House Office Building	Washington	DC	20515-0537	CA37	B001270	D
The Honorable	Joyce		Beatty		133 Cannon House Office Building	Washington	DC	20515-3503	OH03	B001281	D
The Honorable	Ami		Bera		1431 Longworth House Office Building	Washington	DC	20515-0507	CA07	B001287	D
The Honorable	Jack		Bergman		414 Cannon House Office Building	Washington	DC	20515-2201	MI01	B001301	R
The Honorable	Donald	S.	Beyer	Jr.	1119 Longworth House Office Building	Washington	DC	20515-4608	VA08	B001292	D
The Honorable	Andy		Biggs		1626 Longworth House Office Building	Washington	DC	20515-0305	AZ05	B001302	R
The Honorable	Gus	M.	Bilirakis		2112 Rayburn House Office Building	Washington	DC	20515-0912	FL12	B001257	R
The Honorable	Mike		Bishop		428 Cannon House Office Building	Washington	DC	20515-2208	MI08	B001293	R
The Honorable	Rob		Bishop		123 Cannon House Office Building	Washington	DC	20515-4401	UT01	B001250	R
The Honorable	Sanford	D.	Bishop	Jr.	2407 Rayburn House Office Building	Washington	DC	20515-1002	GA02	B000490	D
The Honorable	Diane		Black		1131 Longworth House Office Building	Washington	DC	20515-4206	TN06	B001273	R
The Honorable	Marsha		Blackburn		2266 Rayburn House Office Building	Washington	DC	20515-4207	TN07	B001243	R
The Honorable	Rod		Blum		1108 Longworth House Office Building	Washington	DC	20515-1501	IA01	B001294	R
The Honorable	Earl		Blumenauer		1111 Longworth House Office Building	Washington	DC	20515-3703	OR03	B000574	D
The Honorable	Lisa		Blunt Rochester		1123 Longworth House Office Building	Washington	DC	20515-0800	DE00	B001303	D
The Honorable	Suzanne		Bonamici		439 Cannon House Office Building	Washington	DC	20515-3701	OR01	B001278	D
The Honorable	Madeleine	Z.	Bordallo		2441 Rayburn House Office Building	Washington	DC	20515-5301	GU00	B001245	D
The Honorable	Mike		Bost		1440 Longworth House Office Building	Washington	DC	20515-1312	IL12	B001295	R
The Honorable	Brendan	F.	Boyle		1133 Longworth House Office Building	Washington	DC	20515-3813	PA13	B001296	D
The Honorable	Kevin		Brady		1011 Longworth House Office Building	Washington	DC	20515-4308	TX08	B000755	R
The Honorable	Robert	A.	Brady		2004 Rayburn House Office Building	Washington	DC	20515-3801	PA01	B001227	D
The Honorable	Dave		Brat		1628 Longworth House Office Building	Washington	DC	20515-4607	VA07	B001290	R
The Honorable	Jim		Bridenstine		216 Cannon House Office Building	Washington	DC	20515-3601	OK01	B001283	R
The Honorable	Mo		Brooks		2400 Rayburn House Office Building	Washington	DC	20515-0105	AL05	B001274	R
The Honorable	Susan	W.	Brooks		1030 Longworth House Office Building	Washington	DC	20515-1405	IN05	B001284	R
The Honorable	Anthony	G.	Brown		1505 Longworth House Office Building	Washington	DC	20515-2004	MD04	B001304	D
The Honorable	Julia		Brownley		1019 Longworth House Office Building	Washington	DC	20515-0526	CA26	B001285	D
The Honorable	Vern		Buchanan		2104 Rayburn House Office Building	Washington	DC	20515-0916	FL16	B001260	R
The Honorable	Ken		Buck		1130 Longworth House Office Building	Washington	DC	20515-0604	CO04	B001297	R
The Honorable	Larry		Bucshon		1005 Longworth House Office Building	Washington	DC	20515-1408	IN08	B001275	R
The Honorable	Ted		Budd		118 Cannon House Office Building	Washington	DC	20515-3313	NC13	B001305	R
The Honorable	Michael	C.	Burgess		2336 Rayburn House Office Building	Washington	DC	20515-4326	TX26	B001248	R
The Honorable	Cheri		Bustos		1009 Longworth House Office Building	Washington	DC	20515-1317	IL17	B001286	D
The Honorable	G.	K.	Butterfield		2080 Rayburn House Office Building	Washington	DC	20515-3301	NC01	B001251	D
The Honorable	Bradley		Byrne		119 Cannon House Office Building	Washington	DC	20515-0101	AL01	B001289	R
The Honorable	Ken		Calvert		2205 Rayburn House Office Building	Washington	DC	20515-0542	CA42	C000059	R
The Honorable	Michael	E.	Capuano		1414 Longworth House Office Building	Washington	DC	20515-2107	MA07	C001037	D
The Honorable	Salud	O.	Carbajal		212 Cannon House Office Building	Washington	DC	20515-0524	CA24	C001112	D
The Honorable	Tony		Cárdenas		1510 Longworth House Office Building	Washington	DC	20515-0529	CA29	C001097	D
The Honorable	André		Carson		2135 Rayburn House Office Building	Washington	DC	20515-1407	IN07	C001072	D
The Honorable	Earl	"L. ""Buddy"""	Carter		432 Cannon House Office Building	Washington	DC	20515-1001	GA01	C001103	R
The Honorable	John	R.	Carter		2110 Rayburn House Office Building	Washington	DC	20515-4331	TX31	C001051	R
The Honorable	Matt		Cartwright		1034 Longworth House Office Building	Washington	DC	20515-3817	PA17	C001090	D
The Honorable	Kathy		Castor		2052 Rayburn House Office Building	Washington	DC	20515-0914	FL14	C001066	D
The Honorable	Joaquin		Castro		1221 Longworth House Office Building	Washington	DC	20515-4320	TX20	C001091	D
The Honorable	Steve		Chabot		2371 Rayburn House Office Building	Washington	DC	20515-3501	OH01	C000266	R
The Honorable	Jason		Chaffetz		2236 Rayburn House Office Building	Washington	DC	20515-4403	UT03	C001076	R
The Honorable	Liz		Cheney		416 Cannon House Office Building	Washington	DC	20515-5000	WY00	C001109	R
The Honorable	Judy		Chu		2423 Rayburn House Office Building	Washington	DC	20515-0527	CA27	C001080	D
The Honorable	David	N.	Cicilline		2244 Rayburn House Office Building	Washington	DC	20515-3901	RI01	C001084	D
The Honorable	Katherine	M.	Clark		1415 Longworth House Office Building	Washington	DC	20515-2105	MA05	C001101	D
The Honorable	Yvette	D.	Clarke		2058 Rayburn House Office Building	Washington	DC	20515-3209	NY09	C001067	D
The Honorable	Wm.	Lacy	Clay		2428 Rayburn House Office Building	Washington	DC	20515-2501	MO01	C001049	D
The Honorable	Emanuel		Cleaver		2335 Rayburn House Office Building	Washington	DC	20515-2505	MO05	C001061	D
The Honorable	James	E.	Clyburn		242 Cannon House Office Building	Washington	DC	20515-4006	SC06	C000537	D
The Honorable	Mike		Coffman		2443 Rayburn House Office Building	Washington	DC	20515-0606	CO06	C001077	R
The Honorable	Steve		Cohen		2404 Rayburn House Office Building	Washington	DC	20515-4209	TN09	C001068	D
The Honorable	Tom		Cole		2467 Rayburn House Office Building	Washington	DC	20515-3604	OK04	C001053	R
The Honorable	Chris		Collins		1117 Longworth House Office Building	Washington	DC	20515-3227	NY27	C001092	R
The Honorable	Doug		Collins		1504 Longworth House Office Building	Washington	DC	20515-1009	GA09	C001093	R
The Honorable	James		Comer		1513 Longworth House Office Building	Washington	DC	20515-1701	KY01	C001108	R
The Honorable	Barbara		Comstock		229 Cannon House Office Building	Washington	DC	20515-4610	VA10	C001105	R
The Honorable	K.	Michael	Conaway		2430 Rayburn House Office Building	Washington	DC	20515-4311	TX11	C001062	R
The Honorable	Gerald	E.	Connolly		2238 Rayburn House Office Building	Washington	DC	20515-4611	VA11	C001078	D
The Honorable	John		Conyers	Jr.	2426 Rayburn House Office Building	Washington	DC	20515-2213	MI13	C000714	D
The Honorable	Paul		Cook		1222 Longworth House Office Building	Washington	DC	20515-0508	CA08	C001094	R
The Honorable	Jim		Cooper		1536 Longworth House Office Building	Washington	DC	20515-4205	TN05	C000754	D
The Honorable	J.	Luis	Correa		1039 Longworth House Office Building	Washington	DC	20515-0546	CA46	C001110	D
The Honorable	Jim		Costa		2081 Rayburn House Office Building	Washington	DC	20515-0516	CA16	C001059	D
The Honorable	Ryan	A.	Costello		326 Cannon House Office Building	Washington	DC	20515-3806	PA06	C001106	R
The Honorable	Joe		Courtney		2348 Rayburn House Office Building	Washington	DC	20515-0702	CT02	C001069	D
The Honorable	Kevin		Cramer		1717 Longworth House Office Building	Washington	DC	20515-3400	ND00	C001096	R
The Honorable	Eric	"A. ""Rick"""	Crawford		2422 Rayburn House Office Building	Washington	DC	20515-0401	AR01	C001087	R
The Honorable	Charlie		Crist		427 Cannon House Office Building	Washington	DC	20515-0913	FL13	C001111	D
The Honorable	Joseph		Crowley		1035 Longworth House Office Building	Washington	DC	20515-3214	NY14	C001038	D
The Honorable	Henry		Cuellar		2209 Rayburn House Office Building	Washington	DC	20515-4328	TX28	C001063	D
The Honorable	John	Abney	Culberson		2161 Rayburn House Office Building	Washington	DC	20515-4307	TX07	C001048	R
The Honorable	Elijah	E.	Cummings		2163 Rayburn House Office Building	Washington	DC	20515-2007	MD07	C000984	D
The Honorable	Carlos		Curbelo		1404 Longworth House Office Building	Washington	DC	20515-0926	FL26	C001107	R
The Honorable	Warren		Davidson		1004 Longworth House Office Building	Washington	DC	20515-3508	OH08	D000626	R
The Honorable	Danny	K.	Davis		2159 Rayburn House Office Building	Washington	DC	20515-1307	IL07	D000096	D
The Honorable	Rodney		Davis		1740 Longworth House Office Building	Washington	DC	20515-1313	IL13	D000619	R
The Honorable	Susan	A.	Davis		1214 Longworth House Office Building	Washington	DC	20515-0553	CA53	D000598	D
The Honorable	Peter	A.	DeFazio		2134 Rayburn House Office Building	Washington	DC	20515-3704	OR04	D000191	D
The Honorable	Diana		DeGette		2111 Rayburn House Office Building	Washington	DC	20515-0601	CO01	D000197	D
The Honorable	John	K.	Delaney		1632 Longworth House Office Building	Washington	DC	20515-2006	MD06	D000620	D
The Honorable	Rosa	L.	DeLauro		2413 Rayburn House Office Building	Washington	DC	20515-0703	CT03	D000216	D
The Honorable	Suzan	K.	DelBene		2442 Rayburn House Office Building	Washington	DC	20515-4701	WA01	D000617	D
The Honorable	Val	Butler	Demings		238 Cannon House Office Building	Washington	DC	20515-0910	FL10	D000627	D
The Honorable	Jeff		Denham		1730 Longworth House Office Building	Washington	DC	20515-0510	CA10	D000612	R
The Honorable	Charles	W.	Dent		2082 Rayburn House Office Building	Washington	DC	20515-3815	PA15	D000604	R
The Honorable	Ron		DeSantis		1524 Longworth House Office Building	Washington	DC	20515-0906	FL06	D000621	R
The Honorable	Mark		DeSaulnier		115 Cannon House Office Building	Washington	DC	20515-0511	CA11	D000623	D
The Honorable	Scott		DesJarlais		2301 Rayburn House Office Building	Washington	DC	20515-4204	TN04	D000616	R
The Honorable	Theodore	E.	Deutch		2447 Rayburn House Office Building	Washington	DC	20515-0922	FL22	D000610	D
The Honorable	Mario		Diaz-Balart		440 Cannon House Office Building	Washington	DC	20515-0925	FL25	D000600	R
The Honorable	Debbie		Dingell		116 Cannon House Office Building	Washington	DC	20515-2212	MI12	D000624	D
The Honorable	Lloyd		Doggett		2307 Rayburn House Office Building	Washington	DC	20515-4335	TX35	D000399	D
The Honorable	Daniel	M.	Donovan	Jr.	1541 Longworth House Office Building	Washington	DC	20515-3211	NY11	D000625	R
The Honorable	Michael	F.	Doyle		239 Cannon House Office Building	Washington	DC	20515-3814	PA14	D000482	D
The Honorable	Sean	P.	Duffy		2330 Rayburn House Office Building	Washington	DC	20515-4907	WI07	D000614	R
The Honorable	Jeff		Duncan		2229 Rayburn House Office Building	Washington	DC	20515-4003	SC03	D000615	R
The Honorable	John	J.	Duncan	Jr.	2207 Rayburn House Office Building	Washington	DC	20515-4202	TN02	D000533	R
The Honorable	Neal	P.	Dunn		423 Cannon House Office Building	Washington	DC	20515-0902	FL02	D000628	R
The Honorable	Keith		Ellison		2263 Rayburn House Office Building	Washington	DC	20515-2305	MN05	E000288	D
The Honorable	Tom		Emmer		315 Cannon House Office Building	Washington	DC	20515-2306	MN06	E000294	R
The Honorable	Eliot	L.	Engel		2462 Rayburn House Office Building	Washington	DC	20515-3216	NY16	E000179	D
The Honorable	Anna	G.	Eshoo		241 Cannon House Office Building	Washington	DC	20515-0518	CA18	E000215	D
The Honorable	Adriano		Espaillat		1630 Longworth House Office Building	Washington	DC	20515-3213	NY13	E000297	D
The Honorable	Elizabeth	H.	Esty		221 Cannon House Office Building	Washington	DC	20515-0705	CT05	E000293	D
The Honorable	Dwight		Evans		1105 Longworth House Office Building	Washington	DC	20515-3802	PA02	E000296	D
The Honorable	Blake		Farenthold		2331 Rayburn House Office Building	Washington	DC	20515-4327	TX27	F000460	R
The Honorable	John	J.	Faso		1616 Longworth House Office Building	Washington	DC	20515-3219	NY19	F000464	R
The Honorable	A.	Drew	Ferguson	IV	1032 Longworth House Office Building	Washington	DC	20515-1003	GA03	F000465	R
The Honorable	Brian	K.	Fitzpatrick		514 Cannon House Office Building	Washington	DC	20515-3808	PA08	F000466	R
The Honorable	Charles	"J. ""Chuck"""	Fleischmann		2410 Rayburn House Office Building	Washington	DC	20515-4203	TN03	F000459	R
The Honorable	Bill		Flores		2440 Rayburn House Office Building	Washington	DC	20515-4317	TX17	F000461	R
The Honorable	Jeff		Fortenberry		1514 Longworth House Office Building	Washington	DC	20515-2701	NE01	F000449	R
The Honorable	Bill		Foster		1224 Longworth House Office Building	Washington	DC	20515-1311	IL11	F000454	D
The Honorable	Virginia		Foxx		2262 Rayburn House Office Building	Washington	DC	20515-3305	NC05	F000450	R
The Honorable	Lois		Frankel		1037 Longworth House Office Building	Washington	DC	20515-0921	FL21	F000462	D
The Honorable	Trent		Franks		2435 Rayburn House Office Building	Washington	DC	20515-0308	AZ08	F000448	R
The Honorable	Rodney	P.	Frelinghuysen		2306 Rayburn House Office Building	Washington	DC	20515-3011	NJ11	F000372	R
The Honorable	Marcia	L.	Fudge		2344 Rayburn House Office Building	Washington	DC	20515-3511	OH11	F000455	D
The Honorable	Tulsi		Gabbard		1433 Longworth House Office Building	Washington	DC	20515-1102	HI02	G000571	D
The Honorable	Matt		Gaetz		507 Cannon House Office Building	Washington	DC	20515-0901	FL01	G000578	R
The Honorable	Mike		Gallagher		1007 Longworth House Office Building	Washington	DC	20515-4908	WI08	G000579	R
The Honorable	Ruben		Gallego		1218 Longworth House Office Building	Washington	DC	20515-0307	AZ07	G000574	D
The Honorable	John		Garamendi		2438 Rayburn House Office Building	Washington	DC	20515-0503	CA03	G000559	D
The Honorable	Thomas	A.	Garrett	Jr.	415 Cannon House Office Building	Washington	DC	20515-4605	VA05	G000580	R
The Honorable	Bob		Gibbs		2446 Rayburn House Office Building	Washington	DC	20515-3507	OH07	G000563	R
The Honorable	Louie		Gohmert		2243 Rayburn House Office Building	Washington	DC	20515-4301	TX01	G000552	R
The Honorable	Vicente		Gonzalez		113 Cannon House Office Building	Washington	DC	20515-4315	TX15	G000581	D
The Honorable	Jenniffer		González-Colón		1529 Longworth House Office Building	Washington	DC	20515-5401	PR00	G000582	R
The Honorable	Bob		Goodlatte		2309 Rayburn House Office Building	Washington	DC	20515-4606	VA06	G000289	R
The Honorable	Paul	A.	Gosar		2057 Rayburn House Office Building	Washington	DC	20515-0304	AZ04	G000565	R
The Honorable	Josh		Gottheimer		213 Cannon House Office Building	Washington	DC	20515-3005	NJ05	G000583	D
The Honorable	Trey		Gowdy		2418 Rayburn House Office Building	Washington	DC	20515-4004	SC04	G000566	R
The Honorable	Kay		Granger		1026 Longworth House Office Building	Washington	DC	20515-4312	TX12	G000377	R
The Honorable	Garret		Graves		430 Cannon House Office Building	Washington	DC	20515-1806	LA06	G000577	R
The Honorable	Sam		Graves		1135 Longworth House Office Building	Washington	DC	20515-2506	MO06	G000546	R
The Honorable	Tom		Graves		2078 Rayburn House Office Building	Washington	DC	20515-1014	GA14	G000560	R
The Honorable	Al		Green		2347 Rayburn House Office Building	Washington	DC	20515-4309	TX09	G000553	D
The Honorable	Gene		Green		2470 Rayburn House Office Building	Washington	DC	20515-4329	TX29	G000410	D
The Honorable	H.	Morgan	Griffith		2202 Rayburn House Office Building	Washington	DC	20515-4609	VA09	G000568	R
The Honorable	Raúl	M.	Grijalva		1511 Longworth House Office Building	Washington	DC	20515-0303	AZ03	G000551	D
The Honorable	Glenn		Grothman		1217 Longworth House Office Building	Washington	DC	20515-4906	WI06	G000576	R
The Honorable	Brett		Guthrie		2434 Rayburn House Office Building	Washington	DC	20515-1702	KY02	G000558	R
The Honorable	Luis	V.	Gutiérrez		2408 Rayburn House Office Building	Washington	DC	20515-1304	IL04	G000535	D
The Honorable	Colleen		Hanabusa		422 Cannon House Office Building	Washington	DC	20515-1101	HI01	H001050	D
The Honorable	Gregg		Harper		2227 Rayburn House Office Building	Washington	DC	20515-2403	MS03	H001045	R
The Honorable	Andy		Harris		1533 Longworth House Office Building	Washington	DC	20515-2001	MD01	H001052	R
The Honorable	Vicky		Hartzler		2235 Rayburn House Office Building	Washington	DC	20515-2504	MO04	H001053	R
The Honorable	Alcee	L.	Hastings		2353 Rayburn House Office Building	Washington	DC	20515-0920	FL20	H000324	D
The Honorable	Denny		Heck		425 Cannon House Office Building	Washington	DC	20515-4710	WA10	H001064	D
The Honorable	Jeb		Hensarling		2228 Rayburn House Office Building	Washington	DC	20515-4305	TX05	H001036	R
The Honorable	Jaime		Herrera Beutler		1107 Longworth House Office Building	Washington	DC	20515-4703	WA03	H001056	R
The Honorable	Jody	B.	Hice		324 Cannon House Office Building	Washington	DC	20515-1010	GA10	H001071	R
The Honorable	Brian		Higgins		2459 Rayburn House Office Building	Washington	DC	20515-3226	NY26	H001038	D
The Honorable	Clay		Higgins		1711 Longworth House Office Building	Washington	DC	20515-1803	LA03	H001077	R
The Honorable	J.	French	Hill		1229 Longworth House Office Building	Washington	DC	20515-0402	AR02	H001072	R
The Honorable	James	A.	Himes		1227 Longworth House Office Building	Washington	DC	20515-0704	CT04	H001047	D
The Honorable	George		Holding		1110 Longworth House Office Building	Washington	DC	20515-3302	NC02	H001065	R
The Honorable	Trey		Hollingsworth		1641 Longworth House Office Building	Washington	DC	20515-1409	IN09	H001074	R
The Honorable	Steny	H.	Hoyer		1705 Longworth House Office Building	Washington	DC	20515-2005	MD05	H000874	D
The Honorable	Richard		Hudson		429 Cannon House Office Building	Washington	DC	20515-3308	NC08	H001067	R
The Honorable	Jared		Huffman		1406 Longworth House Office Building	Washington	DC	20515-0502	CA02	H001068	D
The Honorable	Bill		Huizenga		2232 Rayburn House Office Building	Washington	DC	20515-2202	MI02	H001058	R
The Honorable	Randy		Hultgren		2455 Rayburn House Office Building	Washington	DC	20515-1314	IL14	H001059	R
The Honorable	Duncan		Hunter		2429 Rayburn House Office Building	Washington	DC	20515-0550	CA50	H001048	R
The Honorable	Will		Hurd		317 Cannon House Office Building	Washington	DC	20515-4323	TX23	H001073	R
The Honorable	Darrell	E.	Issa		2269 Rayburn House Office Building	Washington	DC	20515-0549	CA49	I000056	R
The Honorable	Sheila		Jackson Lee		2187 Rayburn House Office Building	Washington	DC	20515-4318	TX18	J000032	D
The Honorable	Pramila		Jayapal		319 Cannon House Office Building	Washington	DC	20515-4707	WA07	J000298	D
The Honorable	Hakeem	S.	Jeffries		1607 Longworth House Office Building	Washington	DC	20515-3208	NY08	J000294	D
The Honorable	Evan	H.	Jenkins		1609 Longworth House Office Building	Washington	DC	20515-4803	WV03	J000297	R
The Honorable	Lynn		Jenkins		1526 Longworth House Office Building	Washington	DC	20515-1602	KS02	J000290	R
The Honorable	Bill		Johnson		1710 Longworth House Office Building	Washington	DC	20515-3506	OH06	J000292	R
The Honorable	Eddie	Bernice	Johnson		2468 Rayburn House Office Building	Washington	DC	20515-4330	TX30	J000126	D
The Honorable	Henry	"C. ""Hank"""	Johnson	Jr.	2240 Rayburn House Office Building	Washington	DC	20515-1004	GA04	J000288	D
The Honorable	Mike		Johnson		327 Cannon House Office Building	Washington	DC	20515-1804	LA04	J000299	R
The Honorable	Sam		Johnson		2304 Rayburn House Office Building	Washington	DC	20515-4303	TX03	J000174	R
The Honorable	Walter	B.	Jones		2333 Rayburn House Office Building	Washington	DC	20515-3303	NC03	J000255	R
The Honorable	Jim		Jordan		2056 Rayburn House Office Building	Washington	DC	20515-3504	OH04	J000289	R
The Honorable	David	P.	Joyce		1124 Longworth House Office Building	Washington	DC	20515-3514	OH14	J000295	R
The Honorable	Marcy		Kaptur		2186 Rayburn House Office Building	Washington	DC	20515-3509	OH09	K000009	D
The Honorable	John		Katko		1620 Longworth House Office Building	Washington	DC	20515-3224	NY24	K000386	R
The Honorable	William	R.	Keating		2351 Rayburn House Office Building	Washington	DC	20515-2109	MA09	K000375	D
The Honorable	Mike		Kelly		1707 Longworth House Office Building	Washington	DC	20515-3803	PA03	K000376	R
The Honorable	Robin	L.	Kelly		1239 Longworth House Office Building	Washington	DC	20515-1302	IL02	K000385	D
The Honorable	Trent		Kelly		1721 Longworth House Office Building	Washington	DC	20515-2401	MS01	K000388	R
The Honorable	Joseph	P.	Kennedy	III	434 Cannon House Office Building	Washington	DC	20515-2104	MA04	K000379	D
The Honorable	Ro		Khanna		513 Cannon House Office Building	Washington	DC	20515-0517	CA17	K000389	D
The Honorable	Ruben		Kihuen		313 Cannon House Office Building	Washington	DC	20515-2804	NV04	K000390	D
The Honorable	Daniel	T.	Kildee		227 Cannon House Office Building	Washington	DC	20515-2205	MI05	K000380	D
The Honorable	Derek		Kilmer		1520 Longworth House Office Building	Washington	DC	20515-4706	WA06	K000381	D
The Honorable	Ron		Kind		1502 Longworth House Office Building	Washington	DC	20515-4903	WI03	K000188	D
The Honorable	Peter	T.	King		339 Cannon House Office Building	Washington	DC	20515-3202	NY02	K000210	R
The Honorable	Steve		King		2210 Rayburn House Office Building	Washington	DC	20515-1504	IA04	K000362	R
The Honorable	Adam		Kinzinger		2245 Rayburn House Office Building	Washington	DC	20515-1316	IL16	K000378	R
The Honorable	Stephen		Knight		1023 Longworth House Office Building	Washington	DC	20515-0525	CA25	K000387	R
The Honorable	Raja		Krishnamoorthi		515 Cannon House Office Building	Washington	DC	20515-1308	IL08	K000391	D
The Honorable	Ann	M.	Kuster		137 Cannon House Office Building	Washington	DC	20515-2902	NH02	K000382	D
The Honorable	David		Kustoff		508 Cannon House Office Building	Washington	DC	20515-4208	TN08	K000392	R
The Honorable	Raúl	R.	Labrador		1523 Longworth House Office Building	Washington	DC	20515-1201	ID01	L000573	R
The Honorable	Darin		LaHood		1424 Longworth House Office Building	Washington	DC	20515-1318	IL18	L000585	R
The Honorable	Doug		LaMalfa		322 Cannon House Office Building	Washington	DC	20515-0501	CA01	L000578	R
The Honorable	Doug		Lamborn		2402 Rayburn House Office Building	Washington	DC	20515-0605	CO05	L000564	R
The Honorable	Leonard		Lance		2352 Rayburn House Office Building	Washington	DC	20515-3007	NJ07	L000567	R
The Honorable	James	R.	Langevin		2077 Rayburn House Office Building	Washington	DC	20515-3902	RI02	L000559	D
The Honorable	Rick		Larsen		2113 Rayburn House Office Building	Washington	DC	20515-4702	WA02	L000560	D
The Honorable	John	B.	Larson		1501 Longworth House Office Building	Washington	DC	20515-0701	CT01	L000557	D
The Honorable	Robert	E.	Latta		2448 Rayburn House Office Building	Washington	DC	20515-3505	OH05	L000566	R
The Honorable	Brenda	L.	Lawrence		1213 Longworth House Office Building	Washington	DC	20515-2214	MI14	L000581	D
The Honorable	Al		Lawson	Jr.	1337 Longworth House Office Building	Washington	DC	20515-0905	FL05	L000586	D
The Honorable	Barbara		Lee		2267 Rayburn House Office Building	Washington	DC	20515-0513	CA13	L000551	D
The Honorable	Sander	M.	Levin		1236 Longworth House Office Building	Washington	DC	20515-2209	MI09	L000263	D
The Honorable	Jason		Lewis		418 Cannon House Office Building	Washington	DC	20515-2302	MN02	L000587	R
The Honorable	John		Lewis		343 Cannon House Office Building	Washington	DC	20515-1005	GA05	L000287	D
The Honorable	Ted		Lieu		236 Cannon House Office Building	Washington	DC	20515-0533	CA33	L000582	D
The Honorable	Daniel		Lipinski		2346 Rayburn House Office Building	Washington	DC	20515-1303	IL03	L000563	D
The Honorable	Frank	A.	LoBiondo		2427 Rayburn House Office Building	Washington	DC	20515-3002	NJ02	L000554	R
The Honorable	David		Loebsack		1527 Longworth House Office Building	Washington	DC	20515-1502	IA02	L000565	D
The Honorable	Zoe		Lofgren		1401 Longworth House Office Building	Washington	DC	20515-0519	CA19	L000397	D
The Honorable	Billy		Long		2454 Rayburn House Office Building	Washington	DC	20515-2507	MO07	L000576	R
The Honorable	Barry		Loudermilk		329 Cannon House Office Building	Washington	DC	20515-1011	GA11	L000583	R
The Honorable	Mia	B.	Love		217 Cannon House Office Building	Washington	DC	20515-4404	UT04	L000584	R
The Honorable	Alan	S.	Lowenthal		125 Cannon House Office Building	Washington	DC	20515-0547	CA47	L000579	D
The Honorable	Nita	M.	Lowey		2365 Rayburn House Office Building	Washington	DC	20515-3217	NY17	L000480	D
The Honorable	Frank	D.	Lucas		2405 Rayburn House Office Building	Washington	DC	20515-3603	OK03	L000491	R
The Honorable	Blaine		Luetkemeyer		2230 Rayburn House Office Building	Washington	DC	20515-2503	MO03	L000569	R
The Honorable	Ben	Ray	Luján		2231 Rayburn House Office Building	Washington	DC	20515-3103	NM03	L000570	D
The Honorable	Michelle		Lujan Grisham		214 Cannon House Office Building	Washington	DC	20515-3101	NM01	L000580	D
The Honorable	Stephen	F.	Lynch		2268 Rayburn House Office Building	Washington	DC	20515-2108	MA08	L000562	D
The Honorable	Thomas		MacArthur		506 Cannon House Office Building	Washington	DC	20515-3003	NJ03	M001193	R
The Honorable	Carolyn	B.	Maloney		2308 Rayburn House Office Building	Washington	DC	20515-3212	NY12	M000087	D
The Honorable	Sean	Patrick	Maloney		1027 Longworth House Office Building	Washington	DC	20515-3218	NY18	M001185	D
The Honorable	Kenny		Marchant		2369 Rayburn House Office Building	Washington	DC	20515-4324	TX24	M001158	R
The Honorable	Tom		Marino		2242 Rayburn House Office Building	Washington	DC	20515-3810	PA10	M001179	R
The Honorable	Roger	W.	Marshall		312 Cannon House Office Building	Washington	DC	20515-1601	KS01	M001198	R
The Honorable	Thomas		Massie		2453 Rayburn House Office Building	Washington	DC	20515-1704	KY04	M001184	R
The Honorable	Brian	J.	Mast		2182 Rayburn House Office Building	Washington	DC	20515-0918	FL18	M001199	R
The Honorable	Doris	O.	Matsui		2311 Rayburn House Office Building	Washington	DC	20515-0506	CA06	M001163	D
The Honorable	Kevin		McCarthy		2421 Rayburn House Office Building	Washington	DC	20515-0523	CA23	M001165	R
The Honorable	Michael	T.	McCaul		2001 Rayburn House Office Building	Washington	DC	20515-4310	TX10	M001157	R
The Honorable	Tom		McClintock		2312 Rayburn House Office Building	Washington	DC	20515-0504	CA04	M001177	R
The Honorable	Betty		McCollum		2256 Rayburn House Office Building	Washington	DC	20515-2304	MN04	M001143	D
The Honorable	A.	Donald	McEachin		314 Cannon House Office Building	Washington	DC	20515-4604	VA04	M001200	D
The Honorable	James	P.	McGovern		438 Cannon House Office Building	Washington	DC	20515-2102	MA02	M000312	D
The Honorable	Patrick	T.	McHenry		2334 Rayburn House Office Building	Washington	DC	20515-3310	NC10	M001156	R
The Honorable	David	B.	McKinley		2239 Rayburn House Office Building	Washington	DC	20515-4801	WV01	M001180	R
The Honorable	Cathy		McMorris Rodgers		1314 Longworth House Office Building	Washington	DC	20515-4705	WA05	M001159	R
The Honorable	Jerry		McNerney		2265 Rayburn House Office Building	Washington	DC	20515-0509	CA09	M001166	D
The Honorable	Martha		McSally		510 Cannon House Office Building	Washington	DC	20515-0302	AZ02	M001197	R
The Honorable	Mark		Meadows		1024 Longworth House Office Building	Washington	DC	20515-3311	NC11	M001187	R
The Honorable	Patrick		Meehan		2305 Rayburn House Office Building	Washington	DC	20515-3807	PA07	M001181	R
The Honorable	Gregory	W.	Meeks		2234 Rayburn House Office Building	Washington	DC	20515-3205	NY05	M001137	D
The Honorable	Grace		Meng		1317 Longworth House Office Building	Washington	DC	20515-3206	NY06	M001188	D
The Honorable	Luke		Messer		1230 Longworth House Office Building	Washington	DC	20515-1406	IN06	M001189	R
The Honorable	Paul		Mitchell		211 Cannon House Office Building	Washington	DC	20515-2210	MI10	M001201	R
The Honorable	John	R.	Moolenaar		117 Cannon House Office Building	Washington	DC	20515-2204	MI04	M001194	R
The Honorable	Alexander	X.	Mooney		1232 Longworth House Office Building	Washington	DC	20515-4802	WV02	M001195	R
The Honorable	Gwen		Moore		2252 Rayburn House Office Building	Washington	DC	20515-4904	WI04	M001160	D
The Honorable	Seth		Moulton		1408 Longworth House Office Building	Washington	DC	20515-2106	MA06	M001196	D
The Honorable	Markwayne		Mullin		1113 Longworth House Office Building	Washington	DC	20515-3602	OK02	M001190	R
The Honorable	Mick		Mulvaney		2350 Rayburn House Office Building	Washington	DC	20515-4005	SC05	M001182	R
The Honorable	Stephanie	N.	Murphy		1237 Longworth House Office Building	Washington	DC	20515-0907	FL07	M001202	D
The Honorable	Tim		Murphy		2332 Rayburn House Office Building	Washington	DC	20515-3818	PA18	M001151	R
The Honorable	Jerrold		Nadler		2109 Rayburn House Office Building	Washington	DC	20515-3210	NY10	N000002	D
The Honorable	Grace	F.	Napolitano		1610 Longworth House Office Building	Washington	DC	20515-0532	CA32	N000179	D
The Honorable	Richard	E.	Neal		341 Cannon House Office Building	Washington	DC	20515-2101	MA01	N000015	D
The Honorable	Dan		Newhouse		1318 Longworth House Office Building	Washington	DC	20515-4704	WA04	N000189	R
The Honorable	Kristi	L.	Noem		2457 Rayburn House Office Building	Washington	DC	20515-4100	SD00	N000184	R
The Honorable	Richard	M.	Nolan		2366 Rayburn House Office Building	Washington	DC	20515-2308	MN08	N000127	D
The Honorable	Donald		Norcross		1531 Longworth House Office Building	Washington	DC	20515-3001	NJ01	N000188	D
The Honorable	Eleanor	Holmes	Norton		2136 Rayburn House Office Building	Washington	DC	20515-5101	DC00	N000147	D
The Honorable	Devin		Nunes		1013 Longworth House Office Building	Washington	DC	20515-0522	CA22	N000181	R
			Office of the Fourth Congressional District of Kansas		2452 Rayburn House Office Building	Washington	DC	20515-1604	KS04		
			Office of the Sixth Congressional District of Georgia		1211 Longworth House Office Building	Washington	DC	20515-1006	GA06		
			Office of the Thirty-Fourth Congressional District of California		1226 Longworth House Office Building	Washington	DC	20515-0534	CA34		
The Honorable	Tom		O'Halleran		126 Cannon House Office Building	Washington	DC	20515-0301	AZ01	O000171	D
The Honorable	Pete		Olson		2133 Rayburn House Office Building	Washington	DC	20515-4322	TX22	O000168	R
The Honorable	Beto		O'Rourke		1330 Longworth House Office Building	Washington	DC	20515-4316	TX16	O000170	D
The Honorable	Steven	M.	Palazzo		2349 Rayburn House Office Building	Washington	DC	20515-2404	MS04	P000601	R
The Honorable	Frank		Pallone	Jr.	237 Cannon House Office Building	Washington	DC	20515-3006	NJ06	P000034	D
The Honorable	Gary	J.	Palmer		330 Cannon House Office Building	Washington	DC	20515-0106	AL06	P000609	R
The Honorable	Jimmy		Panetta		228 Cannon House Office Building	Washington	DC	20515-0520	CA20	P000613	D
The Honorable	Bill		Pascrell	Jr.	2370 Rayburn House Office Building	Washington	DC	20515-3009	NJ09	P000096	D
The Honorable	Erik		Paulsen		127 Cannon House Office Building	Washington	DC	20515-2303	MN03	P000594	R
The Honorable	Donald	M.	Payne	Jr.	132 Cannon House Office Building	Washington	DC	20515-3010	NJ10	P000604	D
The Honorable	Stevan		Pearce		2432 Rayburn House Office Building	Washington	DC	20515-3102	NM02	P000588	R
The Honorable	Nancy		Pelosi		233 Cannon House Office Building	Washington	DC	20515-0512	CA12	P000197	D
The Honorable	Ed		Perlmutter		1410 Longworth House Office Building	Washington	DC	20515-0607	CO07	P000593	D
The Honorable	Scott		Perry		1207 Longworth House Office Building	Washington	DC	20515-3804	PA04	P000605	R
The Honorable	Scott	H.	Peters		1122 Longworth House Office Building	Washington	DC	20515-0552	CA52	P000608	D
The Honorable	Collin	C.	Peterson		2204 Rayburn House Office Building	Washington	DC	20515-2307	MN07	P000258	D
The Honorable	Chellie		Pingree		2162 Rayburn House Office Building	Washington	DC	20515-1901	ME01	P000597	D
The Honorable	Robert		Pittenger		224 Cannon House Office Building	Washington	DC	20515-3309	NC09	P000606	R
The Honorable	Stacey	E.	Plaskett		331 Cannon House Office Building	Washington	DC	20515-5500	VI00	P000610	D
The Honorable	Mark		Pocan		1421 Longworth House Office Building	Washington	DC	20515-4902	WI02	P000607	D
The Honorable	Ted		Poe		2132 Rayburn House Office Building	Washington	DC	20515-4302	TX02	P000592	R
The Honorable	Bruce		Poliquin		1208 Longworth House Office Building	Washington	DC	20515-1902	ME02	P000611	R
The Honorable	Jared		Polis		1727 Longworth House Office Building	Washington	DC	20515-0602	CO02	P000598	D
The Honorable	Bill		Posey		2150 Rayburn House Office Building	Washington	DC	20515-0908	FL08	P000599	R
The Honorable	David	E.	Price		2108 Rayburn House Office Building	Washington	DC	20515-3304	NC04	P000523	D
The Honorable	Mike		Quigley		2458 Rayburn House Office Building	Washington	DC	20515-1305	IL05	Q000023	D
The Honorable	Aumua Amata	Coleman	Radewagen		1339 Longworth House Office Building	Washington	DC	20515-5200	AS00	R000600	R
The Honorable	Jamie		Raskin		431 Cannon House Office Building	Washington	DC	20515-2008	MD08	R000606	D
The Honorable	John		Ratcliffe		325 Cannon House Office Building	Washington	DC	20515-4304	TX04	R000601	R
The Honorable	Tom		Reed		2437 Rayburn House Office Building	Washington	DC	20515-3223	NY23	R000585	R
The Honorable	David	G.	Reichert		1127 Longworth House Office Building	Washington	DC	20515-4708	WA08	R000578	R
The Honorable	James	B.	Renacci		328 Cannon House Office Building	Washington	DC	20515-3516	OH16	R000586	R
The Honorable	Kathleen	M.	Rice		1508 Longworth House Office Building	Washington	DC	20515-3204	NY04	R000602	D
The Honorable	Tom		Rice		223 Cannon House Office Building	Washington	DC	20515-4007	SC07	R000597	R
The Honorable	Cedric	L.	Richmond		420 Cannon House Office Building	Washington	DC	20515-1802	LA02	R000588	D
The Honorable	Martha		Roby		442 Cannon House Office Building	Washington	DC	20515-0102	AL02	R000591	R
The Honorable	David	P.	Roe		336 Cannon House Office Building	Washington	DC	20515-4201	TN01	R000582	R
The Honorable	Harold		Rogers		2406 Rayburn House Office Building	Washington	DC	20515-1705	KY05	R000395	R
The Honorable	Mike		Rogers		2184 Rayburn House Office Building	Washington	DC	20515-0103	AL03	R000575	R
The Honorable	Dana		Rohrabacher		2300 Rayburn House Office Building	Washington	DC	20515-0548	CA48	R000409	R
The Honorable	Todd		Rokita		2439 Rayburn House Office Building	Washington	DC	20515-1404	IN04	R000592	R
The Honorable	Francis		Rooney		120 Cannon House Office Building	Washington	DC	20515-0919	FL19	R000607	R
The Honorable	Thomas	J.	Rooney		2160 Rayburn House Office Building	Washington	DC	20515-0917	FL17	R000583	R
The Honorable	Jacky		Rosen		413 Cannon House Office Building	Washington	DC	20515-2803	NV03	R000608	D
The Honorable	Peter	J.	Roskam		2246 Rayburn House Office Building	Washington	DC	20515-1306	IL06	R000580	R
The Honorable	Ileana		Ros-Lehtinen		2206 Rayburn House Office Building	Washington	DC	20515-0927	FL27	R000435	R
The Honorable	Dennis	A.	Ross		436 Cannon House Office Building	Washington	DC	20515-0915	FL15	R000593	R
The Honorable	Keith	J.	Rothfus		1205 Longworth House Office Building	Washington	DC	20515-3812	PA12	R000598	R
The Honorable	David		Rouzer		424 Cannon House Office Building	Washington	DC	20515-3307	NC07	R000603	R
The Honorable	Lucille		Roybal-Allard		2083 Rayburn House Office Building	Washington	DC	20515-0540	CA40	R000486	D
The Honorable	Edward	R.	Royce		2310 Rayburn House Office Building	Washington	DC	20515-0539	CA39	R000487	R
The Honorable	Raul		Ruiz		1319 Longworth House Office Building	Washington	DC	20515-0536	CA36	R000599	D
The Honorable	C.	A. Dutch	Ruppersberger		2416 Rayburn House Office Building	Washington	DC	20515-2002	MD02	R000576	D
The Honorable	Bobby	L.	Rush		2188 Rayburn House Office Building	Washington	DC	20515-1301	IL01	R000515	D
The Honorable	Steve		Russell		128 Cannon House Office Building	Washington	DC	20515-3605	OK05	R000604	R
The Honorable	John	H.	Rutherford		230 Cannon House Office Building	Washington	DC	20515-0904	FL04	R000609	R
The Honorable	Paul	D.	Ryan		1233 Longworth House Office Building	Washington	DC	20515-4901	WI01	R000570	R
The Honorable	Tim		Ryan		1126 Longworth House Office Building	Washington	DC	20515-3513	OH13	R000577	D
The Honorable	Gregorio	Kilili Camacho	Sablan		2411 Rayburn House Office Building	Washington	DC	20515-5201	MP00	S001177	D
The Honorable	Linda	T.	Sánchez		2329 Rayburn House Office Building	Washington	DC	20515-0538	CA38	S001156	D
The Honorable	Mark		Sanford		2211 Rayburn House Office Building	Washington	DC	20515-4001	SC01	S000051	R
The Honorable	John	P.	Sarbanes		2444 Rayburn House Office Building	Washington	DC	20515-2003	MD03	S001168	D
The Honorable	Steve		Scalise		2338 Rayburn House Office Building	Washington	DC	20515-1801	LA01	S001176	R
The Honorable	Janice	D.	Schakowsky		2367 Rayburn House Office Building	Washington	DC	20515-1309	IL09	S001145	D
The Honorable	Adam	B.	Schiff		2372 Rayburn House Office Building	Washington	DC	20515-0528	CA28	S001150	D
The Honorable	Bradley	Scott	Schneider		1432 Longworth House Office Building	Washington	DC	20515-1310	IL10	S001190	D
The Honorable	Kurt		Schrader		2431 Rayburn House Office Building	Washington	DC	20515-3705	OR05	S001180	D
The Honorable	David		Schweikert		2059 Rayburn House Office Building	Washington	DC	20515-0306	AZ06	S001183	R
The Honorable	Austin		Scott		2417 Rayburn House Office Building	Washington	DC	20515-1008	GA08	S001189	R
The Honorable	David		Scott		225 Cannon House Office Building	Washington	DC	20515-1013	GA13	S001157	D
The Honorable	Robert	"C. ""Bobby"""	Scott		1201 Longworth House Office Building	Washington	DC	20515-4603	VA03	S000185	D
The Honorable	F.	James	Sensenbrenner	Jr.	2449 Rayburn House Office Building	Washington	DC	20515-4905	WI05	S000244	R
The Honorable	José	E.	Serrano		2354 Rayburn House Office Building	Washington	DC	20515-3215	NY15	S000248	D
The Honorable	Pete		Sessions		2233 Rayburn House Office Building	Washington	DC	20515-4332	TX32	S000250	R
The Honorable	Terri	A.	Sewell		2201 Rayburn House Office Building	Washington	DC	20515-0107	AL07	S001185	D
The Honorable	Carol		Shea-Porter		1530 Longworth House Office Building	Washington	DC	20515-2901	NH01	S001170	D
The Honorable	Brad		Sherman		2181 Rayburn House Office Building	Washington	DC	20515-0530	CA30	S000344	D
The Honorable	John		Shimkus		2217 Rayburn House Office Building	Washington	DC	20515-1315	IL15	S000364	R
The Honorable	Bill		Shuster		2079 Rayburn House Office Building	Washington	DC	20515-3809	PA09	S001154	R
The Honorable	Michael	K.	Simpson		2084 Rayburn House Office Building	Washington	DC	20515-1202	ID02	S001148	R
The Honorable	Kyrsten		Sinema		1725 Longworth House Office Building	Washington	DC	20515-0309	AZ09	S001191	D
The Honorable	Albio		Sires		2342 Rayburn House Office Building	Washington	DC	20515-3008	NJ08	S001165	D
The Honorable	Louise	McIntosh	Slaughter		2469 Rayburn House Office Building	Washington	DC	20515-3225	NY25	S000480	D
The Honorable	Adam		Smith		2264 Rayburn House Office Building	Washington	DC	20515-4709	WA09	S000510	D
The Honorable	Adrian		Smith		320 Cannon House Office Building	Washington	DC	20515-2703	NE03	S001172	R
The Honorable	Christopher	H.	Smith		2373 Rayburn House Office Building	Washington	DC	20515-3004	NJ04	S000522	R
The Honorable	Jason		Smith		1118 Longworth House Office Building	Washington	DC	20515-2508	MO08	S001195	R
The Honorable	Lamar		Smith		2409 Rayburn House Office Building	Washington	DC	20515-4321	TX21	S000583	R
The Honorable	Lloyd		Smucker		516 Cannon House Office Building	Washington	DC	20515-3816	PA16	S001199	R
The Honorable	Darren		Soto		1429 Longworth House Office Building	Washington	DC	20515-0909	FL09	S001200	D
The Honorable	Jackie		Speier		2465 Rayburn House Office Building	Washington	DC	20515-0514	CA14	S001175	D
The Honorable	Elise	M.	Stefanik		318 Cannon House Office Building	Washington	DC	20515-3221	NY21	S001196	R
The Honorable	Chris		Stewart		323 Cannon House Office Building	Washington	DC	20515-4402	UT02	S001192	R
The Honorable	Steve		Stivers		1022 Longworth House Office Building	Washington	DC	20515-3515	OH15	S001187	R
The Honorable	Thomas	R.	Suozzi		226 Cannon House Office Building	Washington	DC	20515-3203	NY03	S001201	D
The Honorable	Eric		Swalwell		129 Cannon House Office Building	Washington	DC	20515-0515	CA15	S001193	D
The Honorable	Mark		Takano		1507 Longworth House Office Building	Washington	DC	20515-0541	CA41	T000472	D
The Honorable	Scott		Taylor		412 Cannon House Office Building	Washington	DC	20515-4602	VA02	T000477	R
The Honorable	Claudia		Tenney		512 Cannon House Office Building	Washington	DC	20515-3222	NY22	T000478	R
The Honorable	Bennie	G.	Thompson		2466 Rayburn House Office Building	Washington	DC	20515-2402	MS02	T000193	D
The Honorable	Glenn		Thompson		124 Cannon House Office Building	Washington	DC	20515-3805	PA05	T000467	R
The Honorable	Mike		Thompson		231 Cannon House Office Building	Washington	DC	20515-0505	CA05	T000460	D
The Honorable	Mac		Thornberry		2208 Rayburn House Office Building	Washington	DC	20515-4313	TX13	T000238	R
The Honorable	Patrick	J.	Tiberi		1203 Longworth House Office Building	Washington	DC	20515-3512	OH12	T000462	R
The Honorable	Scott	R.	Tipton		218 Cannon House Office Building	Washington	DC	20515-0603	CO03	T000470	R
The Honorable	Dina		Titus		2464 Rayburn House Office Building	Washington	DC	20515-2801	NV01	T000468	D
The Honorable	Paul		Tonko		2463 Rayburn House Office Building	Washington	DC	20515-3220	NY20	T000469	D
The Honorable	Norma	J.	Torres		1713 Longworth House Office Building	Washington	DC	20515-0535	CA35	T000474	D
The Honorable	David	A.	Trott		1722 Longworth House Office Building	Washington	DC	20515-2211	MI11	T000475	R
The Honorable	Niki		Tsongas		1714 Longworth House Office Building	Washington	DC	20515-2103	MA03	T000465	D
The Honorable	Michael	R.	Turner		2368 Rayburn House Office Building	Washington	DC	20515-3510	OH10	T000463	R
The Honorable	Fred		Upton		2183 Rayburn House Office Building	Washington	DC	20515-2206	MI06	U000031	R
The Honorable	David	G.	Valadao		1728 Longworth House Office Building	Washington	DC	20515-0521	CA21	V000129	R
The Honorable	Juan		Vargas		1605 Longworth House Office Building	Washington	DC	20515-0551	CA51	V000130	D
The Honorable	Marc	A.	Veasey		1519 Longworth House Office Building	Washington	DC	20515-4333	TX33	V000131	D
The Honorable	Filemon		Vela		437 Cannon House Office Building	Washington	DC	20515-4334	TX34	V000132	D
The Honorable	Nydia	M.	Velázquez		2302 Rayburn House Office Building	Washington	DC	20515-3207	NY07	V000081	D
The Honorable	Peter	J.	Visclosky		2328 Rayburn House Office Building	Washington	DC	20515-1401	IN01	V000108	D
The Honorable	Ann		Wagner		435 Cannon House Office Building	Washington	DC	20515-2502	MO02	W000812	R
The Honorable	Tim		Walberg		2436 Rayburn House Office Building	Washington	DC	20515-2207	MI07	W000798	R
The Honorable	Greg		Walden		2185 Rayburn House Office Building	Washington	DC	20515-3702	OR02	W000791	R
The Honorable	Mark		Walker		1305 Longworth House Office Building	Washington	DC	20515-3306	NC06	W000819	R
The Honorable	Jackie		Walorski		419 Cannon House Office Building	Washington	DC	20515-1402	IN02	W000813	R
The Honorable	Mimi		Walters		215 Cannon House Office Building	Washington	DC	20515-0545	CA45	W000820	R
The Honorable	Timothy	J.	Walz		2313 Rayburn House Office Building	Washington	DC	20515-2301	MN01	W000799	D
The Honorable	Debbie		Wasserman Schultz		1114 Longworth House Office Building	Washington	DC	20515-0923	FL23	W000797	D
The Honorable	Maxine		Waters		2221 Rayburn House Office Building	Washington	DC	20515-0543	CA43	W000187	D
The Honorable	Bonnie		Watson Coleman		1535 Longworth House Office Building	Washington	DC	20515-3012	NJ12	W000822	D
The Honorable	Randy	K.	Weber	Sr.	1708 Longworth House Office Building	Washington	DC	20515-4314	TX14	W000814	R
The Honorable	Daniel		Webster		1210 Longworth House Office Building	Washington	DC	20515-0911	FL11	W000806	R
The Honorable	Peter		Welch		2303 Rayburn House Office Building	Washington	DC	20515-4500	VT00	W000800	D
The Honorable	Brad	R.	Wenstrup		2419 Rayburn House Office Building	Washington	DC	20515-3502	OH02	W000815	R
The Honorable	Bruce		Westerman		130 Cannon House Office Building	Washington	DC	20515-0404	AR04	W000821	R
The Honorable	Roger		Williams		1323 Longworth House Office Building	Washington	DC	20515-4325	TX25	W000816	R
The Honorable	Frederica	S.	Wilson		2445 Rayburn House Office Building	Washington	DC	20515-0924	FL24	W000808	D
The Honorable	Joe		Wilson		1436 Longworth House Office Building	Washington	DC	20515-4002	SC02	W000795	R
The Honorable	Robert	J.	Wittman		2055 Rayburn House Office Building	Washington	DC	20515-4601	VA01	W000804	R
The Honorable	Steve		Womack		2412 Rayburn House Office Building	Washington	DC	20515-0403	AR03	W000809	R
The Honorable	Rob		Woodall		1724 Longworth House Office Building	Washington	DC	20515-1007	GA07	W000810	R
The Honorable	John	A.	Yarmuth		131 Cannon House Office Building	Washington	DC	20515-1703	KY03	Y000062	D
The Honorable	Kevin		Yoder		2433 Rayburn House Office Building	Washington	DC	20515-1603	KS03	Y000063	R
The Honorable	Ted	S.	Yoho		511 Cannon House Office Building	Washington	DC	20515-0903	FL03	Y000065	R
The Honorable	David		Young		240 Cannon House Office Building	Washington	DC	20515-1503	IA03	Y000066	R
The Honorable	Don		Young		2314 Rayburn House Office Building	Washington	DC	20515-0200	AK00	Y000033	R
The Honorable	Lee	M.	Zeldin		1517 Longworth House Office Building	Washington	DC	20515-3201	NY01	Z000017	R
The Honorable	Ryan	K.	Zinke		1419 Longworth House Office Building	Washington	DC	20515-2600	MT00	Z000018	R
